{
  "deployment_steps": [
    {
      "step": 1,
      "title": "Download All Files",
      "description": "Copy each file from the code project into your local folder structure"
    },
    {
      "step": 2,
      "title": "Go to Vercel",
      "description": "Visit vercel.com and sign up"
    },
    {
      "step": 3,
      "title": "Create New Project",
      "description": "Click 'Add New Project' and upload your folder"
    },
    {
      "step": 4,
      "title": "Deploy",
      "description": "Click Deploy and wait for completion"
    }
  ],
  "required_files": [
    "package.json",
    "next.config.mjs",
    "tailwind.config.js",
    "tsconfig.json",
    "vercel.json",
    "app/layout.tsx",
    "app/page.tsx",
    "app/globals.css",
    "components/header.tsx",
    "components/footer.tsx",
    "public/sitemap.xml",
    "public/robots.txt"
  ],
  "deployment_url": "https://vercel.com/new",
  "expected_result": "Your website will be live at https://josie-luxe-[random].vercel.app"
}
